{"x": 145.2641725363388, "y": -0.05621441714535775, "r": 0.21039150336060305}